{
    "epoch_times_s": [
        225.60783094493672,
        227.38872458809055,
        227.71015314105898,
        227.69641207484528,
        227.56333119794726,
        228.03858701814897,
        228.041690871818,
        228.0596820479259,
        228.02651298698038,
        227.98818811192177,
        228.10459849308245,
        228.1563716221135,
        228.14664734201506,
        228.1614121692255,
        228.13667291682214,
        228.05614902591333,
        228.11687813699245,
        228.10467809415422,
        228.08641003607772,
        228.1009329848457,
        228.03068982507102,
        228.18453069101088,
        228.1361399460584,
        228.1708832590375,
        228.18344386015087,
        228.41310242796317,
        228.85849334695376,
        228.10334138385952,
        228.15485502406955,
        228.0742160580121,
        228.04963054298423,
        228.0681330799125,
        228.10489212791435,
        228.1800316059962,
        228.08767121401615,
        228.11070123896934,
        228.07317143119872,
        228.0306425828021,
        228.0361986050848,
        228.00911241187714,
        228.0054443781264,
        228.01463300804608,
        228.10867672599852,
        228.05472974292934,
        228.0774320580531,
        228.035422968911,
        228.01578094786964,
        228.04421610198915,
        228.07243388006464,
        228.2683905879967
    ],
    "peak_gpu_mb": [
        3789.39306640625,
        3789.39306640625,
        3789.39306640625,
        3789.39306640625,
        3789.39306640625,
        3789.39306640625,
        3789.39306640625,
        3789.39306640625,
        3789.39306640625,
        3789.39306640625,
        3789.39306640625,
        3789.39306640625,
        3789.39306640625,
        3789.39306640625,
        3789.39306640625,
        3789.39306640625,
        3789.39306640625,
        3789.39306640625,
        3789.39306640625,
        3789.39306640625,
        3789.39306640625,
        3789.39306640625,
        3789.39306640625,
        3789.39306640625,
        3789.39306640625,
        3789.39306640625,
        3789.39306640625,
        3789.39306640625,
        3789.39306640625,
        3789.39306640625,
        3789.39306640625,
        3789.39306640625,
        3789.39306640625,
        3789.39306640625,
        3789.39306640625,
        3789.39306640625,
        3789.39306640625,
        3789.39306640625,
        3789.39306640625,
        3789.39306640625,
        3789.39306640625,
        3789.39306640625,
        3789.39306640625,
        3789.39306640625,
        3789.39306640625,
        3789.39306640625,
        3789.39306640625,
        3789.39306640625,
        3789.39306640625,
        3789.39306640625
    ],
    "train_throughput": [
        57.848169300405665,
        57.395106215761516,
        57.31408907320585,
        57.31754787471158,
        57.35106764036387,
        57.23154212914548,
        57.23076315609304,
        57.22624833466786,
        57.23457254615463,
        57.24419369302206,
        57.21497982161805,
        57.2019966271898,
        57.20443474426877,
        57.20073291937804,
        57.20693579483537,
        57.22713487772283,
        57.211899911072784,
        57.214959855461494,
        57.21954235649397,
        57.215899247843346,
        57.23352418050308,
        57.194937625603615,
        57.2070694414565,
        57.19835858803895,
        57.19521004336625,
        57.137702965687005,
        57.026504933834545,
        57.215295141325285,
        57.20237686207977,
        57.222601596843354,
        57.228770636136005,
        57.22412782423696,
        57.21490616992726,
        57.19606535306064,
        57.21922596927285,
        57.21344912410637,
        57.22286368932703,
        57.23353603786361,
        57.23214156276058,
        57.238940417541684,
        57.23986124803273,
        57.237554571944784,
        57.21395690562314,
        57.22749102687548,
        57.221794731002134,
        57.232336231284975,
        57.23726641088846,
        57.23012941561801,
        57.2230487392574,
        57.17392568625871
    ],
    "summary": {
        "epochs_measured": 49,
        "avg_epoch_time_s": 228.07022599842665,
        "std_epoch_time_s": 0.1967953768874202,
        "min_epoch_time_s": 227.38872458809055,
        "max_epoch_time_s": 228.85849334695376,
        "total_train_time_s": 11401.048904867843,
        "avg_peak_gpu_mb": 3789.39306640625,
        "max_peak_gpu_mb": 3789.39306640625,
        "avg_throughput_sps": 57.22364530507689
    }
}