{
    "epoch_times_s": [
        33.147301684948616,
        33.27547982393298,
        33.453685107058845,
        33.4986247390043,
        33.51771154499147,
        33.615197311970405,
        33.56924535392318,
        33.872624072944745,
        33.80849070800468,
        33.654784100013785,
        33.63296529697254,
        33.60605906997807,
        33.74604987807106,
        33.59925980307162,
        33.73192850302439,
        33.72223258309532,
        33.518352605053224,
        33.54049354791641,
        33.48649464407936,
        33.683787134010345,
        33.580841168994084,
        33.546953103970736,
        33.54848871403374,
        33.45913950796239,
        33.662255303002894,
        33.51947800104972,
        33.63332344905939,
        33.59142389299814,
        33.5201045810245,
        33.597940226085484,
        33.65025655203499,
        33.46926669694949,
        33.472392356954515,
        33.50826892699115,
        33.41953926207498,
        33.59153735707514,
        33.43832225294318,
        33.631936845951714,
        33.4745051470818,
        33.508111724979244,
        33.57585734501481,
        33.540932715986855,
        33.64575420599431,
        33.54827888100408,
        33.42212277499493,
        33.545531017007306,
        33.41851811402012,
        33.516587774967775,
        33.510529158986174,
        33.48610637895763
    ],
    "peak_gpu_mb": [
        3789.4091796875,
        3789.4091796875,
        3789.4091796875,
        3789.4091796875,
        3789.4091796875,
        3789.4091796875,
        3789.4091796875,
        3789.4091796875,
        3789.4091796875,
        3789.4091796875,
        3789.4091796875,
        3789.4091796875,
        3789.4091796875,
        3789.4091796875,
        3789.4091796875,
        3789.4091796875,
        3789.4091796875,
        3789.4091796875,
        3789.4091796875,
        3789.4091796875,
        3789.4091796875,
        3789.4091796875,
        3789.4091796875,
        3789.4091796875,
        3789.4091796875,
        3789.4091796875,
        3789.4091796875,
        3789.4091796875,
        3789.4091796875,
        3789.4091796875,
        3789.4091796875,
        3789.4091796875,
        3789.4091796875,
        3789.4091796875,
        3789.4091796875,
        3789.4091796875,
        3789.4091796875,
        3789.4091796875,
        3789.4091796875,
        3789.4091796875,
        3789.4091796875,
        3789.4091796875,
        3789.4091796875,
        3789.4091796875,
        3789.4091796875,
        3789.4091796875,
        3789.4091796875,
        3789.4091796875,
        3789.4091796875,
        3789.4091796875
    ],
    "train_throughput": [
        47.33416960791245,
        47.151836977314325,
        46.90066266179254,
        46.83774370513565,
        46.81107174915272,
        46.6753172810108,
        46.73920975755964,
        46.32059201026635,
        46.408460334744106,
        46.6204149560822,
        46.65065914188758,
        46.688009347744796,
        46.49433061555365,
        46.69745730102552,
        46.513794782273536,
        46.52716857147017,
        46.810176457283816,
        46.77927585527342,
        46.85471013543097,
        46.58027298883471,
        46.723070220429484,
        46.7702683798812,
        46.76812757123299,
        46.893017067178896,
        46.610067741362386,
        46.80860483420607,
        46.65016237174384,
        46.70835047058084,
        46.80772985679168,
        46.69929136851748,
        46.626687602627364,
        46.87882809643404,
        46.874450540252795,
        46.82426309215154,
        46.94858261497716,
        46.708192701086155,
        46.922210633994936,
        46.652085700168676,
        46.871491993863884,
        46.82448276637325,
        46.73000554766051,
        46.77866335100921,
        46.63292700748756,
        46.76842008990241,
        46.94495351366077,
        46.77225109969283,
        46.95001719246657,
        46.812641266896044,
        46.82110486993779,
        46.85525340700541
    ],
    "summary": {
        "epochs_measured": 49,
        "avg_epoch_time_s": 33.56260753602588,
        "std_epoch_time_s": 0.1067487726333045,
        "min_epoch_time_s": 33.27547982393298,
        "max_epoch_time_s": 33.872624072944745,
        "total_train_time_s": 1677.7150709502166,
        "avg_peak_gpu_mb": 3789.4091796875,
        "max_peak_gpu_mb": 3789.4091796875,
        "avg_throughput_sps": 46.74892586937571
    }
}