{
    "epoch_times_s": [
        32.48062906390987,
        32.30214989092201,
        32.62283207383007,
        32.92077782587148,
        32.95504311006516,
        33.04790403903462,
        33.153484074166045,
        33.164699509972706,
        33.16783551406115,
        33.20921284798533,
        33.146899157902226,
        33.19962667906657,
        33.17636148398742,
        33.226625066949055,
        33.077611529035494,
        33.11762871197425,
        33.100578675977886,
        33.21436614799313,
        33.21394577808678,
        33.147063286975026,
        33.09035877487622,
        33.154690000927076,
        33.266362322028726,
        33.17344680405222,
        33.22470388910733,
        33.301234105136245,
        33.22678695200011,
        33.27121054707095,
        33.19148429110646,
        33.22836293303408,
        33.20377923222259,
        33.265892491908744,
        33.26916882884689,
        33.16981074702926,
        33.22994782892056,
        33.32105596596375,
        33.29292340599932,
        33.25920637603849,
        33.25846658484079,
        33.18520292197354,
        33.283146858913824,
        33.311666320078075,
        33.28232970600948,
        33.203997244127095,
        33.2900220840238,
        33.1383827701211,
        33.086451411945745,
        33.2076075959485,
        33.23738085012883,
        33.16329176095314
    ],
    "peak_gpu_mb": [
        7625.5556640625,
        7625.5556640625,
        7625.5556640625,
        7625.5556640625,
        7625.5556640625,
        7625.5556640625,
        7625.5556640625,
        7625.5556640625,
        7625.5556640625,
        7625.5556640625,
        7625.5556640625,
        7625.5556640625,
        7625.5556640625,
        7625.5556640625,
        7625.5556640625,
        7625.5556640625,
        7625.5556640625,
        7625.5556640625,
        7625.5556640625,
        7625.5556640625,
        7625.5556640625,
        7625.5556640625,
        7625.5556640625,
        7625.5556640625,
        7625.5556640625,
        7625.5556640625,
        7625.5556640625,
        7625.5556640625,
        7625.5556640625,
        7625.5556640625,
        7625.5556640625,
        7625.5556640625,
        7625.5556640625,
        7625.5556640625,
        7625.5556640625,
        7625.5556640625,
        7625.5556640625,
        7625.5556640625,
        7625.5556640625,
        7625.5556640625,
        7625.5556640625,
        7625.5556640625,
        7625.5556640625,
        7625.5556640625,
        7625.5556640625,
        7625.5556640625,
        7625.5556640625,
        7625.5556640625,
        7625.5556640625,
        7625.5556640625
    ],
    "train_throughput": [
        48.305714674207444,
        48.57261839531436,
        48.09514993821296,
        47.659870258805626,
        47.61031550648448,
        47.47653582347527,
        47.325342835463886,
        47.30933863966408,
        47.304865562747956,
        47.24592561654725,
        47.33474442136317,
        47.259567559815515,
        47.29270871844335,
        47.22116666494378,
        47.4338964475332,
        47.37658042022499,
        47.40098399363247,
        47.238595281602315,
        47.23919315347238,
        47.33451004139274,
        47.41562370702549,
        47.32362148329927,
        47.16476015055666,
        47.29686394265014,
        47.223897171116526,
        47.115371011370534,
        47.22093659752897,
        47.157887380750196,
        47.27116106767204,
        47.21869696566284,
        47.25365715229684,
        47.165426281036275,
        47.160781445178706,
        47.30204859973529,
        47.21644487911215,
        47.087343258349215,
        47.12713211953233,
        47.174907971658094,
        47.17595731593802,
        47.28010865834087,
        47.14097518034998,
        47.100615890064624,
        47.14213259286054,
        47.25334689267011,
        47.13123938577914,
        47.34690919843782,
        47.42122328154896,
        47.248209479306965,
        47.205885658524096,
        47.31134687441852
    ],
    "summary": {
        "epochs_measured": 49,
        "avg_epoch_time_s": 33.16230646957529,
        "std_epoch_time_s": 0.16939691937963738,
        "min_epoch_time_s": 32.30214989092201,
        "max_epoch_time_s": 33.32105596596375,
        "total_train_time_s": 1657.4336460730992,
        "avg_peak_gpu_mb": 7625.5556640625,
        "max_peak_gpu_mb": 7625.5556640625,
        "avg_throughput_sps": 47.314008589222674
    }
}