{
    "epoch_times_s": [
        129.61422940599732,
        128.14738047198625,
        128.33371701301076,
        128.29852773301536,
        128.29251383297378,
        128.16741466795793,
        128.09856691001914,
        128.18061562202638,
        128.2010185769759,
        128.143845565035,
        128.02716147800675,
        128.06972880801186,
        128.13607388804667,
        128.1467618010356,
        128.1233701860183,
        128.12062621099176,
        128.14194485498592,
        128.05021479801508,
        128.13711471797433,
        128.084908104036,
        128.06724517495604,
        128.0791850700043,
        128.1226178080542,
        128.07851675600978,
        128.0944202610408,
        128.12734460103093,
        128.09343024902046,
        127.98707684100373,
        128.0138060169993,
        128.01685884897597,
        128.0806233799667,
        128.0198382010567,
        128.10718209500192,
        128.1908972329693,
        128.1487983739935,
        128.10349206195679,
        128.2842920369585,
        128.2005543819978,
        128.1883923180285,
        128.25105615204666,
        128.1213768000016,
        128.05158382304944,
        128.01388253894402,
        128.0233046549838,
        127.9165767270024,
        127.98415564000607,
        128.00578496797243,
        127.97329327202169,
        127.98493562999647,
        128.04718929500086
    ],
    "peak_gpu_mb": [
        2824.40771484375,
        2824.34521484375,
        2824.34521484375,
        2824.34521484375,
        2824.34521484375,
        2824.34521484375,
        2824.34521484375,
        2824.34521484375,
        2824.34521484375,
        2824.34521484375,
        2824.34521484375,
        2824.34521484375,
        2824.34521484375,
        2824.34521484375,
        2824.34521484375,
        2824.34521484375,
        2824.34521484375,
        2824.34521484375,
        2824.34521484375,
        2824.34521484375,
        2824.34521484375,
        2824.34521484375,
        2824.34521484375,
        2824.34521484375,
        2824.34521484375,
        2824.34521484375,
        2824.34521484375,
        2824.34521484375,
        2824.34521484375,
        2824.34521484375,
        2824.34521484375,
        2824.34521484375,
        2824.34521484375,
        2824.34521484375,
        2824.34521484375,
        2824.34521484375,
        2824.34521484375,
        2824.34521484375,
        2824.34521484375,
        2824.34521484375,
        2824.34521484375,
        2824.34521484375,
        2824.34521484375,
        2824.34521484375,
        2824.34521484375,
        2824.34521484375,
        2824.34521484375,
        2824.34521484375,
        2824.34521484375,
        2824.34521484375
    ],
    "train_throughput": [
        100.69110513414141,
        101.8436736820619,
        101.6957998549739,
        101.72369263004065,
        101.72846107755998,
        101.8277542213916,
        101.88248248840655,
        101.81726727295678,
        101.80106324322041,
        101.84648308666851,
        101.93930607640611,
        101.90542387705554,
        101.85266025399487,
        101.84416536613982,
        101.8627591597978,
        101.86494076689367,
        101.84799376011807,
        101.920953592983,
        101.85183292697695,
        101.89334710221615,
        101.90740014880998,
        101.89790005976933,
        101.86335733127342,
        101.89843176324582,
        101.88578060936342,
        101.85959945270723,
        101.88656806698174,
        101.97123273791968,
        101.94994122951803,
        101.94751001816506,
        101.89675577454543,
        101.94513743645923,
        101.87563090976133,
        101.80910097135529,
        101.84254683303038,
        101.87856544681804,
        101.73498089883076,
        101.80143184960089,
        101.81109041153408,
        101.76134522063917,
        101.86434399914938,
        101.91986393573059,
        101.94988028762944,
        101.94237709432491,
        102.02743330016754,
        101.9735602015445,
        101.95632957733444,
        101.98221571323187,
        101.97293873499571,
        101.92336178447869
    ],
    "summary": {
        "epochs_measured": 49,
        "avg_epoch_time_s": 128.10773911122803,
        "std_epoch_time_s": 0.08999305814901983,
        "min_epoch_time_s": 127.9165767270024,
        "max_epoch_time_s": 128.33371701301076,
        "total_train_time_s": 6406.893445856171,
        "avg_peak_gpu_mb": 2824.34521484375,
        "max_peak_gpu_mb": 2824.34521484375,
        "avg_throughput_sps": 101.87523820895464
    }
}