{
    "epoch_times_s": [
        23.060559635981917,
        22.702623527031392,
        22.796302456990816,
        23.047484252019785,
        23.1415109380614,
        22.947791015030816,
        23.061352650052868,
        23.30000262102112,
        23.031724118976854,
        23.060032058041543,
        23.04093985701911,
        23.102096799993888,
        23.102400926989503,
        23.09475956298411,
        23.091350050992332,
        23.18862208398059,
        23.334141402971,
        23.071433583041653,
        23.089682918973267,
        23.163417286938056,
        23.0906962180743,
        23.1085383950267,
        23.137387722032145,
        23.18987702508457,
        23.032458564965054,
        23.151170174009167,
        23.3213939180132,
        23.036636115051806,
        23.21833791292738,
        23.099834182066843,
        23.358212323044427,
        23.103816843009554,
        23.193453790969215,
        23.5146940179402,
        23.09969134698622,
        23.142704419093207,
        23.078522369032726,
        23.201509963022545,
        23.114659779006615,
        23.030593556002714,
        23.194775526993908,
        23.095344373956323,
        23.115819651051424,
        23.10560795699712,
        23.11148715298623,
        23.08237925299909,
        23.144186691963114,
        23.07944156008307,
        23.071083527989686,
        23.00802664400544
    ],
    "peak_gpu_mb": [
        2941.33056640625,
        2941.33056640625,
        2941.33056640625,
        2941.33056640625,
        2941.33056640625,
        2941.33056640625,
        2941.33056640625,
        2941.33056640625,
        2941.33056640625,
        2941.33056640625,
        2941.33056640625,
        2941.33056640625,
        2941.33056640625,
        2941.33056640625,
        2941.33056640625,
        2941.33056640625,
        2941.33056640625,
        2941.33056640625,
        2941.33056640625,
        2941.33056640625,
        2941.33056640625,
        2941.33056640625,
        2941.33056640625,
        2941.33056640625,
        2941.33056640625,
        2941.33056640625,
        2941.33056640625,
        2941.33056640625,
        2941.33056640625,
        2941.33056640625,
        2941.33056640625,
        2941.33056640625,
        2941.33056640625,
        2941.33056640625,
        2941.33056640625,
        2941.33056640625,
        2941.33056640625,
        2941.33056640625,
        2941.33056640625,
        2941.33056640625,
        2941.33056640625,
        2941.33056640625,
        2941.33056640625,
        2941.33056640625,
        2941.33056640625,
        2941.33056640625,
        2941.33056640625,
        2941.33056640625,
        2941.33056640625,
        2941.33056640625
    ],
    "train_throughput": [
        68.03824472463597,
        69.11095531015765,
        68.82695134266581,
        68.07684443314022,
        67.80024019172525,
        68.37259407549529,
        68.03590508366833,
        67.33904821900997,
        68.1234280115066,
        68.03980133465838,
        68.09618052633496,
        67.91591315643761,
        67.91501909080833,
        67.93749013584738,
        67.94752132444388,
        67.66249388677187,
        67.2405284987357,
        68.00617717805244,
        67.95242730296312,
        67.73611944057863,
        67.94944531693511,
        67.89698133126724,
        67.81232258583579,
        67.65883226990843,
        68.12125573023387,
        67.77195226880798,
        67.27728220345014,
        68.10890236595081,
        67.57589651266211,
        67.92256548828675,
        67.1712363215432,
        67.91085692296454,
        67.64839829982192,
        66.7242362925477,
        67.92298548199888,
        67.79674369887137,
        67.98528843880052,
        67.62490900379316,
        67.87900038334158,
        68.1267721643698,
        67.644543409097,
        67.935769850191,
        67.87559444938972,
        67.90559256956736,
        67.88831846319634,
        67.97392863199491,
        67.79240164636417,
        67.98258077065677,
        68.00720902841428,
        68.19359279596412
    ],
    "summary": {
        "epochs_measured": 49,
        "avg_epoch_time_s": 23.11428589970396,
        "std_epoch_time_s": 0.12429603775942673,
        "min_epoch_time_s": 22.702623527031392,
        "max_epoch_time_s": 23.5146940179402,
        "total_train_time_s": 1155.660568721476,
        "avg_peak_gpu_mb": 2941.33056640625,
        "max_peak_gpu_mb": 2941.33056640625,
        "avg_throughput_sps": 67.88206190284139
    }
}