{
    "epoch_times_s": [
        28.182224513031542,
        27.858688936918043,
        28.020239001023583,
        28.223103250027634,
        28.342956310953014,
        28.33654761791695,
        28.283261916949414,
        28.253728168900125,
        28.318849527975544,
        28.305188606958836,
        28.347167129046284,
        28.27228626899887,
        28.330010390956886,
        28.485748096951284,
        28.50201791501604,
        28.380291764973663,
        28.48677714006044,
        28.302754161064513,
        28.372439978993498,
        28.573648515040986,
        28.35989719000645,
        28.30221510399133,
        28.383082644082606,
        28.37600190693047,
        28.370002295006998,
        28.344615119043738,
        28.310954096959904,
        28.37979274103418,
        28.349733310984448,
        28.34851852292195,
        28.386760176043026,
        28.226972018019296,
        28.32294840796385,
        28.3741911490215,
        28.25807966699358,
        28.413741259952076,
        28.39250701200217,
        28.274418018991128,
        28.46519269410055,
        28.23759049398359,
        28.388584622065537,
        28.300501856021583,
        28.302202866994776,
        28.344965461059473,
        28.33072505192831,
        28.394624512991868,
        28.22835666697938,
        28.214468830032274,
        28.330566089018248,
        28.145406802999787
    ],
    "peak_gpu_mb": [
        6645.11328125,
        6637.92578125,
        6637.92578125,
        6637.92578125,
        6637.92578125,
        6637.92578125,
        6637.92578125,
        6637.92578125,
        6637.92578125,
        6637.92578125,
        6637.92578125,
        6637.92578125,
        6637.92578125,
        6637.92578125,
        6637.92578125,
        6637.92578125,
        6637.92578125,
        6637.92578125,
        6637.92578125,
        6637.92578125,
        6637.92578125,
        6637.92578125,
        6637.92578125,
        6637.92578125,
        6637.92578125,
        6637.92578125,
        6637.92578125,
        6637.92578125,
        6637.92578125,
        6637.92578125,
        6637.92578125,
        6637.92578125,
        6637.92578125,
        6637.92578125,
        6637.92578125,
        6637.92578125,
        6637.92578125,
        6637.92578125,
        6637.92578125,
        6637.92578125,
        6637.92578125,
        6637.92578125,
        6637.92578125,
        6637.92578125,
        6637.92578125,
        6637.92578125,
        6637.92578125,
        6637.92578125,
        6637.92578125,
        6637.92578125
    ],
    "train_throughput": [
        55.673390838061415,
        56.31995114891346,
        55.995239724496436,
        55.59275272106953,
        55.3576692136969,
        55.370189098404325,
        55.474506604195454,
        55.53249435333117,
        55.40479313787168,
        55.43153312938042,
        55.34944613186072,
        55.4960424873895,
        55.38296592015492,
        55.08017534452338,
        55.04873390642934,
        55.28484389777929,
        55.078185653846525,
        55.43630104233599,
        55.30014341951777,
        54.91073354437353,
        55.32460112559538,
        55.437356907754236,
        55.27940779635894,
        55.29320180997,
        55.304895067849095,
        55.354429524281834,
        55.420244567754885,
        55.285816014131484,
        55.34443597012858,
        55.346807584718874,
        55.272246296150264,
        55.58513321933344,
        55.39677498966981,
        55.29673046042435,
        55.52394283298191,
        55.21976094754677,
        55.26105881867872,
        55.49185836278388,
        55.11995006888456,
        55.564230961359726,
        55.2686941208216,
        55.440712959164685,
        55.437380877151554,
        55.35374534696484,
        55.38156884880738,
        55.25693777996991,
        55.58240667390198,
        55.609765664980806,
        55.38187959499299,
        55.74621859197193
    ],
    "summary": {
        "epochs_measured": 49,
        "avg_epoch_time_s": 28.32353716911938,
        "std_epoch_time_s": 0.11284477717540915,
        "min_epoch_time_s": 27.858688936918043,
        "max_epoch_time_s": 28.573648515040986,
        "total_train_time_s": 1416.0355457998812,
        "avg_peak_gpu_mb": 6637.92578125,
        "max_peak_gpu_mb": 6637.92578125,
        "avg_throughput_sps": 55.39650804621745
    }
}