{
    "epoch_times_s": [
        19.367448845878243,
        18.625858179060742,
        18.80305975303054,
        19.047324468148872,
        19.084104717941955,
        19.083761340007186,
        19.149930889019743,
        19.286884692963213,
        19.199635854922235,
        19.189624581020325,
        19.196124679176137,
        19.222018051194027,
        19.23825747310184,
        19.245451393071562,
        19.425313025014475,
        19.318314937874675,
        19.27969990693964,
        19.26617393596098,
        19.28362694219686,
        19.268729662988335,
        19.324319682782516,
        19.262437673052773,
        19.330738810123876,
        19.322684423998,
        19.345182174816728,
        19.335067430045456,
        19.304158507147804,
        19.285129954805598,
        19.34635105682537,
        19.25240901997313,
        19.33018744806759,
        19.323696578852832,
        19.280605820007622,
        19.342969780089334,
        19.294631699100137,
        19.246072449022904,
        19.373897092882544,
        19.296375849982724,
        19.315346780000255,
        19.240995221072808,
        19.241707636974752,
        19.282149610109627,
        19.28903865511529,
        19.23413282004185,
        19.26672225818038,
        19.243135461118072,
        19.237060925224796,
        19.354079988086596,
        19.276434710947797,
        19.21279593091458
    ],
    "peak_gpu_mb": [
        2941.33056640625,
        2941.33056640625,
        2941.33056640625,
        2941.33056640625,
        2941.33056640625,
        2941.33056640625,
        2941.33056640625,
        2941.33056640625,
        2941.33056640625,
        2941.33056640625,
        2941.33056640625,
        2941.33056640625,
        2941.33056640625,
        2941.33056640625,
        2941.33056640625,
        2941.33056640625,
        2941.33056640625,
        2941.33056640625,
        2941.33056640625,
        2941.33056640625,
        2941.33056640625,
        2941.33056640625,
        2941.33056640625,
        2941.33056640625,
        2941.33056640625,
        2941.33056640625,
        2941.33056640625,
        2941.33056640625,
        2941.33056640625,
        2941.33056640625,
        2941.33056640625,
        2941.33056640625,
        2941.33056640625,
        2941.33056640625,
        2941.33056640625,
        2941.33056640625,
        2941.33056640625,
        2941.33056640625,
        2941.33056640625,
        2941.33056640625,
        2941.33056640625,
        2941.33056640625,
        2941.33056640625,
        2941.33056640625,
        2941.33056640625,
        2941.33056640625,
        2941.33056640625,
        2941.33056640625,
        2941.33056640625,
        2941.33056640625
    ],
    "train_throughput": [
        81.01221861927947,
        84.23772933930505,
        83.44386608392925,
        82.37377394519096,
        82.2150173240719,
        82.21649663532259,
        81.9324105707159,
        81.35061856684646,
        81.72029989817507,
        81.76293357775398,
        81.73524741178846,
        81.6251444474394,
        81.5562429286391,
        81.52575733115026,
        80.77089918600325,
        81.21826386233536,
        81.38093474345239,
        81.43806887736062,
        81.36436183416717,
        81.42726725850324,
        81.19302649489595,
        81.45386511463997,
        81.16606485719443,
        81.19989777669633,
        81.10546521720023,
        81.14789388124267,
        81.27782412370071,
        81.358020592909,
        81.10056492779597,
        81.49629474276513,
        81.16837998675747,
        81.19564461165561,
        81.37711100197056,
        81.11474183323435,
        81.31795540171804,
        81.52312655768144,
        80.98525518525692,
        81.31060527624439,
        81.23074454063617,
        81.54463851649552,
        81.54161936152792,
        81.3705956921615,
        81.34153433218998,
        81.57373221240894,
        81.43575118667756,
        81.5355690433225,
        81.56131573834298,
        81.06817792247412,
        81.3947196941407,
        81.66432442429587
    ],
    "summary": {
        "epochs_measured": 49,
        "avg_epoch_time_s": 19.244987957816267,
        "std_epoch_time_s": 0.1319059894665458,
        "min_epoch_time_s": 18.625858179060742,
        "max_epoch_time_s": 19.425313025014475,
        "total_train_time_s": 962.3718587788753,
        "avg_peak_gpu_mb": 2941.33056640625,
        "max_peak_gpu_mb": 2941.33056640625,
        "avg_throughput_sps": 81.531628450416
    }
}