{
    "epoch_times_s": [
        159.55556933698244,
        162.33146018604748,
        162.34551912499592,
        161.62210682802834,
        162.42442368203774,
        161.53648250200786,
        161.58206564583816,
        161.54925107583404,
        162.14606300904416,
        161.85172492591664,
        161.35940174595453,
        161.96163104102015,
        161.67993065691553,
        161.70377555303276,
        161.4637263950426,
        161.3922985130921,
        162.1014976759907,
        161.64109503291547,
        161.6346355311107,
        161.55157904000953,
        161.3823507388588,
        162.53451107116416,
        160.94320390513167,
        162.00354231195524,
        162.24699129909277,
        161.64775212598033,
        162.1116046179086,
        162.0272177180741,
        162.0543195779901,
        162.27666950016282,
        162.06023894413374,
        161.82377963606268,
        161.77331875497475,
        162.32933435612358,
        162.07738069607876,
        161.44955929019488,
        161.90345326811075,
        162.66441954905167,
        161.83754186006263,
        161.56244366290048,
        161.8511725049466,
        161.45555098704062,
        162.36381820007227,
        161.55005055316724,
        161.8187838930171,
        162.5469017000869,
        161.9458427291829,
        161.8470648219809,
        161.43587331613526,
        161.5455764029175
    ],
    "peak_gpu_mb": [
        2941.3896484375,
        2941.3896484375,
        2941.3896484375,
        2941.3896484375,
        2941.3896484375,
        2941.3896484375,
        2941.3896484375,
        2941.3896484375,
        2941.3896484375,
        2941.3896484375,
        2941.3896484375,
        2941.3896484375,
        2941.3896484375,
        2941.3896484375,
        2941.3896484375,
        2941.3896484375,
        2941.3896484375,
        2941.3896484375,
        2941.3896484375,
        2941.3896484375,
        2941.3896484375,
        2941.3896484375,
        2941.3896484375,
        2941.3896484375,
        2941.3896484375,
        2941.3896484375,
        2941.3896484375,
        2941.3896484375,
        2941.3896484375,
        2941.3896484375,
        2941.3896484375,
        2941.3896484375,
        2941.3896484375,
        2941.3896484375,
        2941.3896484375,
        2941.3896484375,
        2941.3896484375,
        2941.3896484375,
        2941.3896484375,
        2941.3896484375,
        2941.3896484375,
        2941.3896484375,
        2941.3896484375,
        2941.3896484375,
        2941.3896484375,
        2941.3896484375,
        2941.3896484375,
        2941.3896484375,
        2941.3896484375,
        2941.3896484375
    ],
    "train_throughput": [
        81.79595393775443,
        80.39723159664983,
        80.39026928702322,
        80.75009202724183,
        80.35121630198088,
        80.79289457004104,
        80.77010247291732,
        80.7865088391752,
        80.48915747816858,
        80.63553234278938,
        80.8815591703023,
        80.5808135921684,
        80.72121225542949,
        80.70930907682958,
        80.82930012446872,
        80.86507299442982,
        80.51128575064992,
        80.74060620130285,
        80.74383288653503,
        80.78534470262167,
        80.87005760077508,
        80.29679305637279,
        81.09071823680695,
        80.55996686090293,
        80.43908793317006,
        80.73728108404929,
        80.50626622789129,
        80.54819544398165,
        80.53472461571188,
        80.42437671539041,
        80.53178302729154,
        80.64945726364411,
        80.67461371530194,
        80.39828446144105,
        80.52326576323892,
        80.8363928485038,
        80.60976919613725,
        80.23266573096186,
        80.6425990533452,
        80.77991211392462,
        80.63580756327933,
        80.83339296923616,
        80.38120897057217,
        80.78610904367885,
        80.65194711034523,
        80.29067219060394,
        80.58866952098788,
        80.63785410229761,
        80.84324587783905,
        80.78834648773645
    ],
    "summary": {
        "epochs_measured": 49,
        "avg_epoch_time_s": 161.856100737906,
        "std_epoch_time_s": 0.36912705997907524,
        "min_epoch_time_s": 160.94320390513167,
        "max_epoch_time_s": 162.66441954905167,
        "total_train_time_s": 8090.504505494377,
        "avg_peak_gpu_mb": 2941.3896484375,
        "max_peak_gpu_mb": 2941.3896484375,
        "avg_throughput_sps": 80.63377156032948
    }
}