{
    "epoch_times_s": [
        105.59888397506438,
        105.71848847018555,
        105.91270666988567,
        105.83103801403195,
        105.73281157808378,
        105.69927521399222,
        105.70551317394711,
        105.68713168194517,
        105.55077965604141,
        105.7928729900159,
        105.43727018893696,
        105.6380825790111,
        105.8290796149522,
        105.49478947999887,
        105.74996002600528,
        105.68961140397005,
        105.63968707597815,
        105.76839674403891,
        105.7515039530117,
        105.31528944382444,
        105.28597406879999,
        105.35311691486277,
        105.49361743102781,
        105.7528481951449,
        105.60207378515042,
        105.75417890609242,
        105.92091574985534,
        105.56560065993108,
        105.40186520991847,
        105.67598021100275,
        105.67844808916561,
        105.57114768400788,
        105.27957279793918,
        105.6508956050966,
        105.5373826068826,
        105.54760573594831,
        104.85939340782352,
        105.63258204888552,
        105.41318199597299,
        105.4375122638885,
        105.65980592090636,
        105.995041053975,
        105.8842437940184,
        106.1033165040426,
        106.02884871396236,
        106.20748759107664,
        105.96916878712364,
        105.90451805084012,
        105.97052480909042,
        106.08350708591752
    ],
    "peak_gpu_mb": [
        3025.14208984375,
        3022.54833984375,
        3022.54833984375,
        3022.54833984375,
        3022.54833984375,
        3022.54833984375,
        3022.54833984375,
        3022.54833984375,
        3022.54833984375,
        3022.54833984375,
        3022.54833984375,
        3022.54833984375,
        3022.54833984375,
        3022.54833984375,
        3022.54833984375,
        3022.54833984375,
        3022.54833984375,
        3022.54833984375,
        3022.54833984375,
        3022.54833984375,
        3022.54833984375,
        3022.54833984375,
        3022.54833984375,
        3022.54833984375,
        3022.54833984375,
        3022.54833984375,
        3022.54833984375,
        3022.54833984375,
        3022.54833984375,
        3022.54833984375,
        3022.54833984375,
        3022.54833984375,
        3022.54833984375,
        3022.54833984375,
        3022.54833984375,
        3022.54833984375,
        3022.54833984375,
        3022.54833984375,
        3022.54833984375,
        3022.54833984375,
        3022.54833984375,
        3022.54833984375,
        3022.54833984375,
        3022.54833984375,
        3022.54833984375,
        3022.54833984375,
        3022.54833984375,
        3022.54833984375,
        3022.54833984375,
        3022.54833984375
    ],
    "train_throughput": [
        123.59032130568539,
        123.45049753223259,
        123.22411928039993,
        123.31920998705117,
        123.4337742958989,
        123.47293747831053,
        123.4656510159835,
        123.48712461301037,
        123.64664706911049,
        123.36369767774126,
        123.77976000908814,
        123.54446125277423,
        123.32149204627564,
        123.71227113993517,
        123.41375823490232,
        123.484227320281,
        123.54258481108018,
        123.39224571573693,
        123.41195644649099,
        123.92312710645353,
        123.95763173043085,
        123.87863199668486,
        123.71364560071893,
        123.41038773648054,
        123.58658814364314,
        123.4088348564365,
        123.21456916801462,
        123.62928755591965,
        123.82133820884113,
        123.50015560717893,
        123.49727154384676,
        123.62279170312544,
        123.96516867567941,
        123.52947814831795,
        123.66234293126085,
        123.6503652451396,
        124.46190632861577,
        123.55089449541383,
        123.8080451883008,
        123.77947582200176,
        123.51906087892658,
        123.12840176508017,
        123.25724330986132,
        123.00275269437736,
        123.08914185429032,
        122.88210837120415,
        123.15846344154615,
        123.23364706437535,
        123.15688747896483,
        123.0257215141835
    ],
    "summary": {
        "epochs_measured": 49,
        "avg_epoch_time_s": 105.6768294619634,
        "std_epoch_time_s": 0.2458448375351679,
        "min_epoch_time_s": 104.85939340782352,
        "max_epoch_time_s": 106.20748759107664,
        "total_train_time_s": 5283.763527611271,
        "avg_peak_gpu_mb": 3022.54833984375,
        "max_peak_gpu_mb": 3022.54833984375,
        "avg_throughput_sps": 123.49983228758406
    }
}