{
    "epoch_times_s": [
        11.314681315096095,
        11.258952626027167,
        11.024412289028987,
        11.074982690159231,
        11.136716939043254,
        11.1167130661197,
        11.286701858974993,
        11.10717069893144,
        11.054064541123807,
        11.16268399101682,
        11.324997155927122,
        11.531861286843196,
        11.49548373115249,
        10.9967234688811,
        11.17229500412941,
        11.13893107092008,
        11.057241924805567,
        11.165645043831319,
        11.191162891918793,
        11.350679160095751,
        11.052931873127818,
        11.042300172848627,
        11.347368197981268,
        11.076293386053294,
        11.034324666950852,
        11.163877323037013,
        11.14840053790249,
        11.089166119229048,
        11.041624625911936,
        11.042786089936271,
        11.259051270084456,
        11.14265790488571,
        11.342834267066792,
        11.369754816172644,
        11.031790269073099,
        11.033071550074965,
        11.247010833118111,
        11.523303883848712,
        11.096189550124109,
        11.061358874896541,
        11.1331468638964,
        11.06353472196497,
        11.274992268998176,
        11.505635774927214,
        11.092501882929355,
        11.059758574003354,
        11.074976967880502,
        11.13217980088666,
        11.127582731191069,
        11.118721096077934
    ],
    "peak_gpu_mb": [
        1725.91943359375,
        1725.91943359375,
        1725.91943359375,
        1725.91943359375,
        1725.91943359375,
        1725.91943359375,
        1725.91943359375,
        1725.91943359375,
        1725.91943359375,
        1725.91943359375,
        1725.91943359375,
        1725.91943359375,
        1725.91943359375,
        1725.91943359375,
        1725.91943359375,
        1725.91943359375,
        1725.91943359375,
        1725.91943359375,
        1725.91943359375,
        1725.91943359375,
        1725.91943359375,
        1725.91943359375,
        1725.91943359375,
        1725.91943359375,
        1725.91943359375,
        1725.91943359375,
        1725.91943359375,
        1725.91943359375,
        1725.91943359375,
        1725.91943359375,
        1725.91943359375,
        1725.91943359375,
        1725.91943359375,
        1725.91943359375,
        1725.91943359375,
        1725.91943359375,
        1725.91943359375,
        1725.91943359375,
        1725.91943359375,
        1725.91943359375,
        1725.91943359375,
        1725.91943359375,
        1725.91943359375,
        1725.91943359375,
        1725.91943359375,
        1725.91943359375,
        1725.91943359375,
        1725.91943359375,
        1725.91943359375,
        1725.91943359375
    ],
    "train_throughput": [
        138.66939388797752,
        139.35576888146454,
        142.32051186632418,
        141.67065032021657,
        140.88532631186652,
        141.13884119055174,
        139.0131519025071,
        141.2600960702751,
        141.93874064720163,
        140.557593609445,
        138.54308115025339,
        136.0578280446441,
        136.4883841945726,
        142.67886288493196,
        140.43667835660258,
        140.85732194681765,
        141.89795345619967,
        140.52031869549938,
        140.19990729765755,
        138.22961409357328,
        141.95328606110334,
        142.0899609175575,
        138.26994705954195,
        141.65388594487803,
        142.1926622024587,
        140.54256909132448,
        140.73767754088954,
        141.4894486321467,
        142.09865424313998,
        142.08370851536208,
        139.3545479421403,
        140.8102100408236,
        138.3252159961019,
        137.99769875144645,
        142.22532895667794,
        142.20881219512614,
        139.50373332796124,
        136.15886692002812,
        141.39989163959902,
        141.84514016273386,
        140.93050412261232,
        141.8172437137101,
        139.1575233549505,
        136.3679531225145,
        141.44689958670097,
        141.86566456233788,
        141.67072351937097,
        140.94274688907123,
        141.0009736977312,
        141.11335165637493
    ],
    "summary": {
        "epochs_measured": 49,
        "avg_epoch_time_s": 11.17094992518387,
        "std_epoch_time_s": 0.1409092459423375,
        "min_epoch_time_s": 10.9967234688811,
        "max_epoch_time_s": 11.531861286843196,
        "total_train_time_s": 558.6912276491057,
        "avg_peak_gpu_mb": 1725.91943359375,
        "max_peak_gpu_mb": 1725.91943359375,
        "avg_throughput_sps": 140.47562165891878
    }
}