{
    "epoch_times_s": [
        55.295225543901324,
        53.04653991595842,
        53.353971139062196,
        53.44535154895857,
        53.41508560394868,
        53.38719937787391,
        53.3706940128468,
        53.4154321718961,
        53.34119500592351,
        53.377120255026966,
        53.3263142129872,
        53.33024854096584,
        53.42554816487245,
        53.61590568698011,
        53.280677805887535,
        53.28504343889654,
        53.3094740700908,
        53.25325607601553,
        53.21843254310079,
        53.259556950069964,
        53.264286783058196,
        53.1893062510062,
        53.23874807008542,
        53.25693134497851,
        53.21596679906361,
        53.20532809989527,
        53.24831634107977,
        53.21412989217788,
        53.271480119088665,
        53.230374741135165,
        53.29743753396906,
        53.25724585913122,
        53.28234369098209,
        53.2425349149853,
        53.25613049301319,
        53.22845565085299,
        53.27999790594913,
        53.274859118042514,
        53.26904662908055,
        53.27616975083947,
        53.19941173680127,
        53.22360003599897,
        53.2734867928084,
        53.24332157801837,
        53.181643325136974,
        53.22520045796409,
        53.280670691048726,
        53.23653592611663,
        53.251148912124336,
        53.25268032611348
    ],
    "peak_gpu_mb": [
        1055.2705078125,
        1055.4375,
        1055.4375,
        1055.4375,
        1055.4375,
        1055.4375,
        1055.4375,
        1055.4375,
        1055.4375,
        1055.4375,
        1055.4375,
        1055.4375,
        1055.4375,
        1055.4375,
        1055.4375,
        1055.4375,
        1055.4375,
        1055.4375,
        1055.4375,
        1055.4375,
        1055.4375,
        1055.4375,
        1055.4375,
        1055.4375,
        1055.4375,
        1055.4375,
        1055.4375,
        1055.4375,
        1055.4375,
        1055.4375,
        1055.4375,
        1055.4375,
        1055.4375,
        1055.4375,
        1055.4375,
        1055.4375,
        1055.4375,
        1055.4375,
        1055.4375,
        1055.4375,
        1055.4375,
        1055.4375,
        1055.4375,
        1055.4375,
        1055.4375,
        1055.4375,
        1055.4375,
        1055.4375,
        1055.4375,
        1055.4375
    ],
    "train_throughput": [
        236.02399432548177,
        246.02924188225447,
        244.61159537654234,
        244.1933605403389,
        244.33172487577576,
        244.45934890918682,
        244.5349501518288,
        244.3301396120994,
        244.67018405850663,
        244.50550980728264,
        244.73845966315693,
        244.72040459317986,
        244.28387631558442,
        243.41657261548892,
        244.94808507405773,
        244.92801652617493,
        244.81577107364944,
        245.07421633281078,
        245.23458088379803,
        245.04522281766475,
        245.02346296601758,
        245.36887054722789,
        245.1410011148119,
        245.05730372372557,
        245.24594374614736,
        245.2949820269164,
        245.09695135527645,
        245.25440942929725,
        244.99037704273326,
        245.17956267391253,
        244.87105954544177,
        245.05585652177209,
        244.94042671416594,
        245.12356560105763,
        245.06098883230345,
        245.18840233890677,
        244.951210828459,
        244.97483833946055,
        245.00156893882198,
        244.96881177901037,
        245.32226154244916,
        245.21077099581134,
        244.98114889228177,
        245.11994393280182,
        245.40422566880855,
        245.20339778348693,
        244.94811778322074,
        245.15118748734133,
        245.08391399285884,
        245.07686599204268
    ],
    "summary": {
        "epochs_measured": 49,
        "avg_epoch_time_s": 53.282119107998106,
        "std_epoch_time_s": 0.08597261338702279,
        "min_epoch_time_s": 53.04653991595842,
        "max_epoch_time_s": 53.61590568698011,
        "total_train_time_s": 2666.1190618358087,
        "avg_peak_gpu_mb": 1055.4375,
        "max_peak_gpu_mb": 1055.4375,
        "avg_throughput_sps": 244.94209569889694
    }
}