{
    "epoch_times_s": [
        15.503091546008363,
        9.425813661888242,
        9.257752417121083,
        10.196439464809373,
        9.96351145603694,
        9.991664596134797,
        10.12718987208791,
        9.890092025045305,
        9.979492346988991,
        10.170141968876123,
        9.322655030991882,
        9.93820882588625,
        10.043199266074225,
        9.856964905979112,
        10.039446369046345,
        10.145560184959322,
        9.796645319089293,
        9.793622577097267,
        9.982767002191395,
        9.760555248009041,
        9.959982368862256,
        9.753927487879992,
        9.697512501152232,
        10.29514884785749,
        10.127583394991234,
        9.943691126070917,
        9.657928384840488,
        10.140238943975419,
        9.990642160875723,
        10.37810026621446,
        10.104646741878241,
        9.767292889999226,
        10.24456036486663,
        9.830699653131887,
        9.842316340189427,
        9.754329735180363,
        9.917732826899737,
        9.818932207999751,
        9.992941999109462,
        9.804140916792676,
        10.01518547302112,
        9.681062343996018,
        10.145826913882047,
        10.254182314965874,
        9.901309815933928,
        9.947285952977836,
        9.920305331004784,
        9.514471556991339,
        9.996817814884707,
        10.141094099031761
    ],
    "peak_gpu_mb": [
        984.8115234375,
        984.8115234375,
        984.8115234375,
        984.8115234375,
        984.8115234375,
        984.8115234375,
        984.8115234375,
        984.8115234375,
        984.8115234375,
        984.8115234375,
        984.8115234375,
        984.8115234375,
        984.8115234375,
        984.8115234375,
        984.8115234375,
        984.8115234375,
        984.8115234375,
        984.8115234375,
        984.8115234375,
        984.8115234375,
        984.8115234375,
        984.8115234375,
        984.8115234375,
        984.8115234375,
        984.8115234375,
        984.8115234375,
        984.8115234375,
        984.8115234375,
        984.8115234375,
        984.8115234375,
        984.8115234375,
        984.8115234375,
        984.8115234375,
        984.8115234375,
        984.8115234375,
        984.8115234375,
        984.8115234375,
        984.8115234375,
        984.8115234375,
        984.8115234375,
        984.8115234375,
        984.8115234375,
        984.8115234375,
        984.8115234375,
        984.8115234375,
        984.8115234375,
        984.8115234375,
        984.8115234375,
        984.8115234375,
        984.8115234375
    ],
    "train_throughput": [
        101.20562052695716,
        166.45777821218752,
        169.4795809292033,
        153.8772436608913,
        157.47460189342536,
        157.03089159007163,
        154.92945425308997,
        158.6436199002721,
        157.22242629640357,
        154.27513252043482,
        168.29969518169187,
        157.87553144518301,
        156.22511895189197,
        159.17678666465213,
        156.28351826626078,
        154.6489273530726,
        160.15686481399084,
        160.2062962553981,
        157.17085249566344,
        160.7490516812601,
        157.5303993413825,
        160.8582801081517,
        161.79406830499838,
        152.4018761833174,
        154.92343422972704,
        157.7884892146649,
        162.45719966848912,
        154.73008167447415,
        157.04696202055447,
        151.18373881083266,
        155.27509670351483,
        160.63816429693696,
        153.15444920221586,
        159.60206855675264,
        159.41369346088328,
        160.85164666324337,
        158.20147884448164,
        159.79334277526564,
        157.0108182495029,
        160.03441946785912,
        156.6621011888964,
        162.06899039061133,
        154.64486170695588,
        153.01073764897475,
        158.46388297789127,
        157.7314663936349,
        158.1604545070069,
        164.9066887847367,
        156.94994437768446,
        154.71703394900982
    ],
    "summary": {
        "epochs_measured": 49,
        "avg_epoch_time_s": 9.922890067627957,
        "std_epoch_time_s": 0.23278236325660145,
        "min_epoch_time_s": 9.257752417121083,
        "max_epoch_time_s": 10.37810026621446,
        "total_train_time_s": 501.7247048597783,
        "avg_peak_gpu_mb": 984.8115234375,
        "max_peak_gpu_mb": 984.8115234375,
        "avg_throughput_sps": 158.20794371566726
    }
}