{
    "epoch_times_s": [
        55.09392859903164,
        55.57951738900738,
        55.91943581699161,
        56.12680518400157,
        56.14959439804079,
        56.25251424097223,
        56.237113034003414,
        56.32429553300608,
        56.32893635198707,
        56.243310587015,
        56.10217371099861,
        56.099815830006264,
        56.1240638839663,
        56.10590918804519,
        56.167208734026644,
        56.112177112023346,
        56.13651880499674,
        56.189867086010054,
        56.136981035000645,
        56.14433374104556,
        56.20491359202424,
        56.24760238203453,
        56.217944029020146,
        56.21787044900702,
        56.22302291501546,
        56.21262528601801,
        56.290988066990394,
        56.21997169899987,
        56.21995798003627,
        56.22039288101951,
        56.203564384020865,
        56.18891705397982,
        56.18581235501915,
        56.17657067702385,
        56.148850492958445,
        56.16255065595033,
        56.1966279890039,
        56.21426140703261,
        56.28505388100166,
        56.19618772098329,
        56.21093589399243,
        56.159646079002414,
        56.22645581600955,
        56.23703854496125,
        56.22852312296163,
        56.19788711803267,
        56.27688295295229,
        56.241114461037796,
        56.25422113901004,
        56.21479806001298
    ],
    "peak_gpu_mb": [
        984.85595703125,
        984.85595703125,
        984.85595703125,
        984.85595703125,
        984.85595703125,
        984.85595703125,
        984.85595703125,
        984.85595703125,
        984.85595703125,
        984.85595703125,
        984.85595703125,
        984.85595703125,
        984.85595703125,
        984.85595703125,
        984.85595703125,
        984.85595703125,
        984.85595703125,
        984.85595703125,
        984.85595703125,
        984.85595703125,
        984.85595703125,
        984.85595703125,
        984.85595703125,
        984.85595703125,
        984.85595703125,
        984.85595703125,
        984.85595703125,
        984.85595703125,
        984.85595703125,
        984.85595703125,
        984.85595703125,
        984.85595703125,
        984.85595703125,
        984.85595703125,
        984.85595703125,
        984.85595703125,
        984.85595703125,
        984.85595703125,
        984.85595703125,
        984.85595703125,
        984.85595703125,
        984.85595703125,
        984.85595703125,
        984.85595703125,
        984.85595703125,
        984.85595703125,
        984.85595703125,
        984.85595703125,
        984.85595703125,
        984.85595703125
    ],
    "train_throughput": [
        236.88635629860295,
        234.8167204953322,
        233.38933609259234,
        232.52704224326789,
        232.4326674113141,
        232.0074075994658,
        232.07094560684143,
        231.71173072820955,
        231.69264050091743,
        232.04537328592298,
        232.62913246873717,
        232.63890989494791,
        232.5383996957578,
        232.6136442466002,
        232.35977528813135,
        232.5876604991596,
        232.4868067671899,
        232.26607708508692,
        232.48489247868315,
        232.45444607456045,
        232.20389759396414,
        232.02766779919648,
        232.15007637531124,
        232.15038022185558,
        232.12910518396325,
        232.17204202071358,
        231.8488349230672,
        232.14170348350018,
        232.14176013141838,
        232.13996436524604,
        232.2094718197358,
        232.27000419784042,
        232.282838904867,
        232.32105204559673,
        232.43574686603262,
        232.37904702637056,
        232.23813362171327,
        232.16528463304283,
        231.8732789630536,
        232.23995308718855,
        232.17901983722055,
        232.39106567090087,
        232.11493256318576,
        232.071252997538,
        232.1063985881297,
        232.23293026282158,
        231.906945004589,
        232.05443428830614,
        232.00036789683068,
        232.16306827371687
    ],
    "summary": {
        "epochs_measured": 49,
        "avg_epoch_time_s": 56.18289307645422,
        "std_epoch_time_s": 0.10977288506870878,
        "min_epoch_time_s": 55.57951738900738,
        "max_epoch_time_s": 56.32893635198707,
        "total_train_time_s": 2808.0556893452886,
        "avg_peak_gpu_mb": 984.85595703125,
        "max_peak_gpu_mb": 984.85595703125,
        "avg_throughput_sps": 232.2958013695844
    }
}